{"cameraMode":{"drawMode":0,"name":"Shaded","section":"Shading Mode"},"sceneLighting":true,"audioPlay":false,"sceneViewState":{"m_AlwaysRefresh":false,"showFog":true,"showSkybox":true,"showFlares":true,"showImageEffects":true,"showParticleSystems":true,"showVisualEffectGraphs":true,"m_FxEnabled":true},"in2DMode":false,"pivot":{"x":1.8191269636154175,"y":-6.58241605758667,"z":11.026423454284668},"rotation":{"x":-0.20722608268260957,"y":-0.07768436521291733,"z":0.016509851440787317,"w":-0.9750651717185974},"size":10.343565940856934,"orthographic":false}