{"cameraMode":{"drawMode":0,"name":"Shaded","section":"Shading Mode"},"sceneLighting":true,"audioPlay":false,"sceneViewState":{"m_AlwaysRefresh":false,"showFog":true,"showSkybox":true,"showFlares":true,"showImageEffects":true,"showParticleSystems":true,"showVisualEffectGraphs":true,"m_FxEnabled":true},"in2DMode":false,"pivot":{"x":12.440296173095704,"y":2.673614501953125,"z":18.65468978881836},"rotation":{"x":-0.1334104686975479,"y":-0.0026786280795931818,"z":0.00036059037665836513,"w":-0.9910589456558228},"size":1.6568118333816529,"orthographic":false}