{"cameraMode":{"drawMode":0,"name":"Shaded","section":"Shading Mode"},"sceneLighting":true,"audioPlay":false,"sceneViewState":{"m_AlwaysRefresh":false,"showFog":true,"showSkybox":true,"showFlares":true,"showImageEffects":true,"showParticleSystems":true,"showVisualEffectGraphs":true,"m_FxEnabled":true},"in2DMode":false,"pivot":{"x":12.2672700881958,"y":2.7048447132110597,"z":18.63117027282715},"rotation":{"x":-0.20314165949821473,"y":-0.020269395783543588,"z":0.0042062196880578999,"w":-0.9789311289787293},"size":1.2816716432571412,"orthographic":false}