{"cameraMode":{"drawMode":0,"name":"Shaded","section":"Shading Mode"},"sceneLighting":true,"audioPlay":false,"sceneViewState":{"m_AlwaysRefresh":false,"showFog":true,"showSkybox":true,"showFlares":true,"showImageEffects":true,"showParticleSystems":true,"showVisualEffectGraphs":true,"m_FxEnabled":true},"in2DMode":false,"pivot":{"x":12.583847999572754,"y":2.372076988220215,"z":18.542766571044923},"rotation":{"x":-0.20304256677627564,"y":-0.0367119200527668,"z":0.007618297357112169,"w":-0.978454053401947},"size":2.6415791511535646,"orthographic":false}