{"cameraMode":{"drawMode":0,"name":"Shaded","section":"Shading Mode"},"sceneLighting":true,"audioPlay":false,"sceneViewState":{"m_AlwaysRefresh":false,"showFog":true,"showSkybox":true,"showFlares":true,"showImageEffects":true,"showParticleSystems":true,"showVisualEffectGraphs":true,"m_FxEnabled":true},"in2DMode":false,"pivot":{"x":12.457916259765625,"y":2.783369779586792,"z":18.712919235229493},"rotation":{"x":-0.24404612183570863,"y":-0.023565217852592469,"z":0.005932245869189501,"w":-0.9694614410400391},"size":2.76587176322937,"orthographic":false}